Workbook

Sheet Trip_Data
A1: Projects | B1: Vehicle_ID | C1: Driver_ID | D1: Origin | E1: Destination | F1: Distance_km | G1: Fuel_Consumed_L | H1: Delivery_Status | I1: Delivery_Date
A2: T001 | B2: V04 | C2: D01 | D2: Delhi | E2: Pune | F2: 1173 | G2: 108.42 | H2: On-Time | I2: 44953
A3: T002 | B3: V06 | C3: D08 | D3: Mumbai | E3: Bangalore | F3: 1727 | G3: 161.33 | H3: On-Time | I3: 44978
A4: T003 | B4: V06 | C4: D08 | D4: Mumbai | E4: Pune | F4: 1459 | G4: 154.7 | H4: On-Time | I4: 44974
A5: T004 | B5: V04 | C5: D09 | D5: Hyderabad | E5: Pune | F5: 382 | G5: 26.6 | H5: On-Time | I5: 44975
A6: T005 | B6: V06 | C6: D08 | D6: Pune | E6: Mumbai | F6: 398 | G6: 33.2 | H6: On-Time | I6: 44972
A7: T006 | B7: V06 | C7: D07 | D7: Chennai | E7: Mumbai | F7: 1275 | G7: 85.04 | H7: Late | I7: 44982
A8: T007 | B8: V07 | C8: D03 | D8: Chennai | E8: Kolkata | F8: 752 | G8: 58.08 | H8: On-Time | I8: 44945
A9: T008 | B9: V02 | C9: D10 | D9: Delhi | E9: Pune | F9: 74 | G9: 5.24 | H9: On-Time | I9: 44927
A10: T009 | B10: V02 | C10: D07 | D10: Delhi | E10: Hyderabad | F10: 186 | G10: 16.22 | H10: On-Time | I10: 44980
A11: T010 | B11: V02 | C11: D02 | D11: Bangalore | E11: Hyderabad | F11: 1375 | G11: 105.21 | H11: Late | I11: 44959
A12: T011 | B12: V06 | C12: D03 | D12: Kolkata | E12: Hyderabad | F12: 419 | G12: 31.17 | H12: On-Time | I12: 44947
A13: T012 | B13: V06 | C13: D01 | D13: Kolkata | E13: Delhi | F13: 751 | G13: 51.77 | H13: On-Time | I13: 44972
... A51: T050 | B51: V06 | C51: D03 | D51: Mumbai | E51: Delhi | F51: 1233 | G51: 153.35 | H51: On-Time | I51: 44938

Sheet Vehicle_Master
A1: Vehicle_ID | B1: Vehicle_Type | C1: Capacity_kg | D1: Maintenance_Cost | E1: Total Distance_km | F1: Fuel Consumed | G1: On Time Trip | H1: Total No Trip | I1: Fuel cost &Maintenace
A2: V01 | B2: Van | C2: 8424 | D2: 5633 | E2: =SUM(Trip_Data!F30+Trip_Data!F33+Trip_Data!F41) -> 2365 | F2: =SUM(Trip_Data!G30+Trip_Data!G33+Trip_Data!G41) -> 207.55 | G2: =COUNTA(Trip_Data!H30) -> 1 | H2: =COUNTA(Trip_Data!H30,Trip_Data!H33,Trip_Data!H41) -> 3 | I2: =SUM(F2+D2) -> 5840.55
A3: V02 | B3: Truck | C3: 1970 | D3: 6776 | E3: =SUM(Trip_Data!F9+Trip_Data!F10+Trip_Data!F11+Trip_Data!F31+Trip_Data!F35+Trip_Data!F37+Trip_Data!F46) -> 4997 | F3: =SUM(Trip_Data!G9+Trip_Data!G10+Trip_Data!G11+Trip_Data!G31+Trip_Data!G35+Trip_Data!G37+Trip_Data!G46) -> 498.71 | G3: =COUNTA(Trip_Data!H9,Trip_Data!H10,Trip_Data!H31,Trip_Data!H37,Trip_Data!H46) -> 5 | H3: =COUNTA(Trip_Data!H9,Trip_Data!H10,Trip_Data!H11,Trip_Data!H31,Trip_Data!H35,Trip_Data!H46,Trip_Data!H37) -> 7 | I3: =SUM(F3+D3) -> 7274.71
A4: V03 | B4: Truck | C4: 1207 | D4: 18031 | E4: =SUM(Trip_Data!F39+Trip_Data!F40) -> 1959 | F4: =SUM(Trip_Data!G8+Trip_Data!G18+Trip_Data!G19+Trip_Data!G20+Trip_Data!G22+Trip_Data!G23+Trip_Data!G39+Trip_Data!G40+Trip_Data!G50) -> 774.92 | G4: =COUNTA(Trip_Data!H8,Trip_Data!H18,Trip_Data!H19,Trip_Data!H20,Trip_Data!H23,Trip_Data!H40) -> 6 | H4: =COUNTA(Trip_Data!H8,Trip_Data!H18,Trip_Data!H19,Trip_Data!H20,Trip_Data!H22,Trip_Data!H23,Trip_Data!H39,Trip_Data!H40,Trip_Data!H50) -> 9 | I4: =SUM(F4+D4) -> 18805.92
A5: V04 | B5: Mini-Truck | C5: 8803 | D5: 9033 | E5: =SUM(Trip_Data!F2+Trip_Data!F5+Trip_Data!F21+Trip_Data!F25+Trip_Data!F26+Trip_Data!F36+Trip_Data!F45+Trip_Data!F47+Trip_Data!F49) -> 11894 | F5: =SUM(Trip_Data!G2+Trip_Data!G5+Trip_Data!G21+Trip_Data!G25+Trip_Data!G26+Trip_Data!G36+Trip_Data!G45+Trip_Data!G47+Trip_Data!G49) -> 951.43 | G5: =COUNTA(Trip_Data!H2,Trip_Data!H5,Trip_Data!H21,Trip_Data!H25,Trip_Data!H36) -> 5 | H5: =COUNTA(Trip_Data!H2,Trip_Data!H5,Trip_Data!H21,Trip_Data!H25,Trip_Data!H26,Trip_Data!H36,Trip_Data!H45,Trip_Data!H47,Trip_Data!H49) -> 9 | I5: =SUM(F5+D5) -> 9984.43
A6: V05 | B6: Truck | C6: 9941 | D6: 17751 | E6: =SUM(Trip_Data!F14+Trip_Data!F15+Trip_Data!F16+Trip_Data!F17+Trip_Data!F27+Trip_Data!F29+Trip_Data!F32+Trip_Data!F34+Trip_Data!F43+Trip_Data!F48) -> 12986 | F6: =SUM(Trip_Data!F14+Trip_Data!F15+Trip_Data!F16+Trip_Data!F17+Trip_Data!F27+Trip_Data!F29+Trip_Data!F32+Trip_Data!F43+Trip_Data!F34+Trip_Data!F48) -> 12986 | G6: =COUNTA(Trip_Data!H15,Trip_Data!H16,Trip_Data!H32,Trip_Data!H43,Trip_Data!H48) -> 5 | H6: =COUNTA(Trip_Data!H14,Trip_Data!H15,Trip_Data!H16,Trip_Data!H17,Trip_Data!H27,Trip_Data!H29,Trip_Data!H32,Trip_Data!H34,Trip_Data!H43,Trip_Data!H48) -> 10 | I6: =SUM(F6+D6) -> 30737
A7: V06 | B7: Van | C7: 6053 | D7: 5914 | E7: =SUM(Trip_Data!F3+Trip_Data!F4+Trip_Data!F6+Trip_Data!F7+Trip_Data!F12+Trip_Data!F13+Trip_Data!F24+Trip_Data!F28+Trip_Data!F38+Trip_Data!F42+Trip_Data!F44+Trip_Data!F51) -> 11087 | F7: =SUM(Trip_Data!G3+Trip_Data!G4+Trip_Data!G6+Trip_Data!G7+Trip_Data!G12+Trip_Data!G13+Trip_Data!G24+Trip_Data!G28+Trip_Data!G38+Trip_Data!G42+Trip_Data!G44+Trip_Data!G51) -> 1068.78 | G7: =COUNTA(Trip_Data!H3,Trip_Data!H4,Trip_Data!H6,Trip_Data!H12,Trip_Data!H13,Trip_Data!H24,Trip_Data!H38,Trip_Data!H51) -> 8 | H7: =COUNTA(Trip_Data!H3,Trip_Data!H4,Trip_Data!H6,Trip_Data!H7,Trip_Data!H12,Trip_Data!H13,Trip_Data!H24,Trip_Data!H28,Trip_Data!H38,Trip_Data!H42,Trip_Data!H44,Trip_Data!H51) -> 12 | I7: =SUM(F7+D7) -> 6982.78
A8: V07 | B8: Van | C8: 2598 | D8: 12837 | E8: =SUM(Trip_Data!F8+Trip_Data!F18+Trip_Data!F19+Trip_Data!F20+Trip_Data!F22+Trip_Data!F23+Trip_Data!F50) -> 7653 | F8: =SUM(Trip_Data!G8+Trip_Data!G18+Trip_Data!G19+Trip_Data!G20+Trip_Data!G22+Trip_Data!G23+Trip_Data!G50) -> 586.17 | G8: =COUNTA(Trip_Data!H8,Trip_Data!H18,Trip_Data!H19,Trip_Data!H20,Trip_Data!H23) -> 5 | H8: =COUNTA(Trip_Data!H8,Trip_Data!H18,Trip_Data!H19,Trip_Data!H20,Trip_Data!H22,Trip_Data!H23,Trip_Data!H50) -> 7 | I8: =SUM(F8+D8) -> 13423.17
